<application>
  <component name="AndroidLogcatFilterHistory">
    <option name="nonFavorites">
      <list>
        <option value="package:mine " />
        <option value="package:mine My" />
        <option value="package:mine M" />
        <option value="package:mine MyTag" />
        <option value="package:mine MyTa" />
        <option value="MyTag" />
        <option value="M" />
        <option value="package:mine MainActivity" />
        <option value="package:mine lifecyc" />
        <option value="package:mine l" />
        <option value="package:mine li" />
        <option value="package:mine coroutine i" />
        <option value="package:mine c" />
        <option value="package:mine inside" />
        <option value="package:mine in" />
        <option value="package:mine d" />
        <option value="package:mine C" />
        <option value="package:mine" />
      </list>
    </option>
  </component>
</application>