<application>
  <component name="AndroidLogcatFilterHistory">
    <option name="mostRecentlyUsed" value="package:com.example.hs fetching users" />
    <option name="nonFavorites">
      <list>
        <option value="package:com.example.hs fetching users" />
        <option value="package:com.example.hs showing users" />
        <option value="package:com.example.hs showing u" />
        <option value="package:com.example.hs s" />
        <option value="package:mine google sign in" />
        <option value="package:mine " />
        <option value="package:mine google sign i" />
        <option value="package:mine google s" />
        <option value="package:mine g" />
        <option value="package:mine jsonapi" />
        <option value="package:mine" />
        <option value="package:mine homeViewModel" />
        <option value="package:mine lifecycle" />
        <option value="package:mine profile check" />
        <option value="package:mine sign up" />
        <option value="package:mine sign u" />
        <option value="package:mine sign" />
        <option value="package:mine s" />
        <option value="package:mine spl" />
        <option value="package:mine hashKey" />
      </list>
    </option>
  </component>
</application>