<application>
  <component name="AndroidLogcatFilterHistory">
    <option name="favorites">
      <list>
        <option value="package:mine " />
      </list>
    </option>
    <option name="mostRecentlyUsed" value="package:mine delete the parking doc" />
    <option name="nonFavorites">
      <list>
        <option value="package:mine delete the parking doc" />
        <option value="package:com.example.carbuddy Login status" />
        <option value="package:mine spots name" />
        <option value="package:mine location lat long" />
        <option value="package:mine places error" />
        <option value="package:mine" />
        <option value="package:mine scan model" />
        <option value="l" />
        <option value="age:5s" />
        <option value="age:5" />
        <option value="a" />
        <option value="package:mine is:c" />
        <option value="package:mine i" />
        <option value="is:crash" />
        <option value="is:c" />
        <option value="i" />
        <option value="package:mine PhotoPicker" />
        <option value="package:com.appsait.nutriscan " />
        <option value="package:com.appsait.nutriscan scan model" />
        <option value="package:com.appsait.nutriscan scan m" />
      </list>
    </option>
  </component>
</application>