<application>
  <component name="AndroidLogcatFilterHistory">
    <option name="nonFavorites">
      <list>
        <option value="package:mine " />
        <option value="package:mine lifecycle" />
        <option value="package:mine profile check" />
        <option value="package:mine sign up" />
        <option value="package:mine sign u" />
        <option value="package:mine sign" />
        <option value="package:mine s" />
        <option value="package:mine spl" />
        <option value="package:mine hashKey" />
        <option value="package:mine v" />
        <option value="package:mine Record Audio" />
        <option value="package:mine video uri" />
        <option value="package:mine video u" />
        <option value="package:mine image send adapter" />
        <option value="package:mine sign Up" />
        <option value="package:mine Sign Up" />
        <option value="package:mine Sign U" />
        <option value="package:mine Signed U" />
        <option value="package:mine S" />
        <option value="package:mine Record Au" />
      </list>
    </option>
  </component>
</application>