<application>
  <component name="AndroidLogcatFilterHistory">
    <option name="mostRecentlyUsed" value="package:com.example.carbuddy new user data" />
    <option name="nonFavorites">
      <list>
        <option value="package:com.example.carbuddy new user data" />
        <option value="package:com.example.carbuddy n user data" />
        <option value="package:com.example.carbuddy firebase user data" />
        <option value="package:com.example.carbuddy fuser data" />
        <option value="package:com.example.carbuddy user data" />
        <option value="package:com.example.carbuddy user d" />
        <option value="package:com.example.carbuddy user" />
        <option value="package:com.example.carbuddy " />
        <option value="package:com.example.carbuddy phone number" />
        <option value="package:com.example.carbuddy phone n" />
        <option value="package:com.example.carbuddy p" />
        <option value="package:com.example.carbuddy kotlin" />
        <option value="package:com.example.carbuddy k" />
        <option value="package:com.example.carbuddy f" />
        <option value="package:com.example.hs " />
        <option value="package:com.example.hs image download" />
        <option value="package:com.example.hs image d" />
        <option value="package:com.example.hs i" />
        <option value="package:com.example.hsimage download" />
        <option value="package:com.example.hs" />
      </list>
    </option>
  </component>
</application>