<application>
  <component name="GeneralSettings">
    <option name="confirmExit" value="false" />
    <option name="processCloseConfirmation" value="TERMINATE" />
    <option name="showTipsOnStartup" value="false" />
    <option name="supportScreenReaders" value="true" />
  </component>
  <component name="Registry">
    <entry key="ide.text.editor.with.preview.show.floating.toolbar" value="false" />
    <entry key="external.system.auto.import.disabled" value="true" />
  </component>
</application>