<application>
  <component name="UpdatesConfigurable">
    <ignoredBuildNumbers>
      <item value="emulator#32.1.12" />
      <item value="platform-tools#34.0.1" />
      <item value="emulator#32.1.15" />
      <item value="system-images;android-34;google_apis_playstore;x86_64#9" />
    </ignoredBuildNumbers>
    <option name="LAST_BUILD_CHECKED" value="AI-232.10300.40.2321.11567975" />
    <option name="LAST_TIME_CHECKED" value="1712418336660" />
    <option name="OBSOLETE_CUSTOM_REPOSITORIES_CLEAN_NEEDED" value="false" />
    <option name="THIRD_PARTY_PLUGINS_ALLOWED" value="true" />
  </component>
</application>