<application>
  <component name="UpdatesConfigurable">
    <ignoredBuildNumbers>
      <item value="emulator#32.1.12" />
      <item value="platform-tools#34.0.1" />
      <item value="emulator#32.1.15" />
      <item value="system-images;android-34;google_apis_playstore;x86_64#9" />
    </ignoredBuildNumbers>
    <option name="LAST_BUILD_CHECKED" value="AI-231.9392.1.2311.11330709" />
    <option name="LAST_TIME_CHECKED" value="1708355577609" />
    <option name="THIRD_PARTY_PLUGINS_ALLOWED" value="true" />
    <option name="UPDATE_CHANNEL_TYPE" value="release" />
  </component>
</application>