<application>
  <component name="UpdatesConfigurable">
    <ignoredBuildNumbers>
      <item value="emulator#32.1.12" />
      <item value="platform-tools#34.0.1" />
      <item value="emulator#32.1.15" />
    </ignoredBuildNumbers>
    <option name="LAST_BUILD_CHECKED" value="AI-223.8836.35.2231.10671973" />
    <option name="LAST_TIME_CHECKED" value="1696179025189" />
    <option name="THIRD_PARTY_PLUGINS_ALLOWED" value="true" />
    <option name="UPDATE_CHANNEL_TYPE" value="release" />
  </component>
</application>